Player,Damage,DPS,Boss,Timestamp,Class
Qyo,932387.0,2783.0,Petrification Incarnate,250516_1800,Ranger
Cruellia,903961.0,2698.0,Petrification Incarnate,250516_1800,Assassin
Sharyin,893094.0,2665.0,Petrification Incarnate,250516_1800,Assassin
Shadowsama,827264.0,2469.0,Petrification Incarnate,250516_1800,Gladiator
Lockdowxn,690098.0,2059.0,Petrification Incarnate,250516_1800,Gladiator
Lif,688826.0,2056.0,Petrification Incarnate,250516_1800,Gladiator
Getducked,668775.0,1996.0,Petrification Incarnate,250516_1800,Cleric
Zamje,622316.0,1857.0,Petrification Incarnate,250516_1800,Ranger
Kougetsu,565461.0,1687.0,Petrification Incarnate,250516_1800,Cleric
Anoon,368176.0,1099.0,Petrification Incarnate,250516_1800,Assassin
Ethiliel,358925.0,1071.0,Petrification Incarnate,250516_1800,Chanter
Ewzy,303331.0,905.0,Petrification Incarnate,250516_1800,Sorcerer
Cleo,221597.0,661.0,Petrification Incarnate,250516_1800,Cleric
Kottra,77360.0,230.0,Petrification Incarnate,250516_1800,Cleric
Renne,69471.0,207.0,Petrification Incarnate,250516_1800,Cleric
Fay,38946.0,116.0,Petrification Incarnate,250516_1800,Cleric
Monarch,21767.0,64.0,Petrification Incarnate,250516_1800,Sorcerer
Qyo,729571.0,3377.0,Petrification Incarnate,250520_1800,Ranger
Dennali,660708.0,3058.0,Petrification Incarnate,250520_1800,Ranger
Lockdowxn,651000.0,3013.0,Petrification Incarnate,250520_1800,Gladiator
Cruellia,609670.0,2822.0,Petrification Incarnate,250520_1800,Assassin
Lif,576711.0,2669.0,Petrification Incarnate,250520_1800,Gladiator
Prcinka,557072.0,2579.0,Petrification Incarnate,250520_1800,Sorcerer
Oede,545608.0,2525.0,Petrification Incarnate,250520_1800,Gladiator
Lako,456762.0,2114.0,Petrification Incarnate,250520_1800,Sorcerer
Getducked,420834.0,1948.0,Petrification Incarnate,250520_1800,Cleric
Kottra,374590.0,1734.0,Petrification Incarnate,250520_1800,Cleric
Freecandy,348701.0,1614.0,Petrification Incarnate,250520_1800,Chanter
Siryan,324930.0,1504.0,Petrification Incarnate,250520_1800,Sorcerer
Sakurol,320021.0,1481.0,Petrification Incarnate,250520_1800,Ranger
You,249451.0,1154.0,Petrification Incarnate,250520_1800,Spiritmaster
Misspurple,229312.0,1061.0,Petrification Incarnate,250520_1800,Cleric
Kayomi,201262.0,931.0,Petrification Incarnate,250520_1800,Gladiator
Cptnn,196361.0,909.0,Petrification Incarnate,250520_1800,Templar
Erica,181538.0,840.0,Petrification Incarnate,250520_1800,Spiritmaster
Earthguardian,167948.0,777.0,Petrification Incarnate,250520_1800,Cleric
Yukimih,166906.0,772.0,Petrification Incarnate,250520_1800,Chanter
Cleo,164232.0,760.0,Petrification Incarnate,250520_1800,Cleric
Blackrevenge,136952.0,634.0,Petrification Incarnate,250520_1800,Assassin
Mika,68217.0,315.0,Petrification Incarnate,250520_1800,Assassin
Dunkelelfe,13839.0,64.0,Petrification Incarnate,250520_1800,Chanter
Fay,13238.0,61.0,Petrification Incarnate,250520_1800,Cleric
Yume,2857.0,13.0,Petrification Incarnate,250520_1800,Chanter
Fentanyl,565735.0,4285.0,Petrification Incarnate,250522_1800,Sorcerer
Ewzy,560338.0,4244.0,Petrification Incarnate,250522_1800,Sorcerer
Monarch,535183.0,4054.0,Petrification Incarnate,250522_1800,Sorcerer
Trinius,490673.0,3717.0,Petrification Incarnate,250522_1800,Ranger
Bigtittyspells,435294.0,3297.0,Petrification Incarnate,250522_1800,Sorcerer
Sasha,431991.0,3272.0,Petrification Incarnate,250522_1800,Gladiator
Lockdowxn,403979.0,3060.0,Petrification Incarnate,250522_1800,Gladiator
Deatherx,367230.0,2782.0,Petrification Incarnate,250522_1800,Ranger
Cruellia,348427.0,2639.0,Petrification Incarnate,250522_1800,Assassin
Prcinka,346944.0,2628.0,Petrification Incarnate,250522_1800,Sorcerer
Blackrevenge,343203.0,2600.0,Petrification Incarnate,250522_1800,Assassin
Kougetsu,320900.0,2431.0,Petrification Incarnate,250522_1800,Cleric
Firgar,309072.0,2341.0,Petrification Incarnate,250522_1800,Gladiator
Cheesuz,294260.0,2229.0,Petrification Incarnate,250522_1800,Sorcerer
Daisy,292360.0,2214.0,Petrification Incarnate,250522_1800,Cleric
Lako,283468.0,2147.0,Petrification Incarnate,250522_1800,Sorcerer
Mbe,282839.0,2142.0,Petrification Incarnate,250522_1800,Assassin
Shadowsama,280709.0,2126.0,Petrification Incarnate,250522_1800,Gladiator
Lif,280406.0,2124.0,Petrification Incarnate,250522_1800,Gladiator
Yuzumaki,243473.0,1844.0,Petrification Incarnate,250522_1800,Gladiator
Mareken,237223.0,1797.0,Petrification Incarnate,250522_1800,Spiritmaster
Needmana,177790.0,1346.0,Petrification Incarnate,250522_1800,Gladiator
Shuna,113957.0,863.0,Petrification Incarnate,250522_1800,Chanter
Misspurple,109669.0,830.0,Petrification Incarnate,250522_1800,Cleric
Devonishx,106648.0,807.0,Petrification Incarnate,250522_1800,Spiritmaster
Erica,105850.0,801.0,Petrification Incarnate,250522_1800,Spiritmaster
Dunkelelfe,53239.0,403.0,Petrification Incarnate,250522_1800,Chanter
Cleo,47696.0,361.0,Petrification Incarnate,250522_1800,Cleric
Veronika,5326.0,40.0,Petrification Incarnate,250522_1800,Chanter
Ameko,2741.0,20.0,Petrification Incarnate,250522_1800,Cleric
Leylak,301.0,2.0,Petrification Incarnate,250522_1800,Templar
Mika,628402.0,4134.0,Petrification Incarnate,250524_1600,Assassin
Ewzy,594315.0,3909.0,Petrification Incarnate,250524_1600,Sorcerer
Gorkki,544624.0,3583.0,Petrification Incarnate,250524_1600,Sorcerer
Kayomi,535197.0,3521.0,Petrification Incarnate,250524_1600,Gladiator
Lockdowxn,523247.0,3442.0,Petrification Incarnate,250524_1600,Gladiator
Fentanyl,442718.0,2912.0,Petrification Incarnate,250524_1600,Sorcerer
Cruellia,437186.0,2876.0,Petrification Incarnate,250524_1600,Assassin
Lif,391183.0,2573.0,Petrification Incarnate,250524_1600,Gladiator
Ember,371508.0,2444.0,Petrification Incarnate,250524_1600,Gladiator
Lako,338140.0,2224.0,Petrification Incarnate,250524_1600,Sorcerer
Fregion,337453.0,2220.0,Petrification Incarnate,250524_1600,Assassin
Zamje,336498.0,2213.0,Petrification Incarnate,250524_1600,Ranger
Ankeanklesnare,307832.0,2025.0,Petrification Incarnate,250524_1600,Gladiator
Helyona,299304.0,1969.0,Petrification Incarnate,250524_1600,Gladiator
Mbe,282188.0,1856.0,Petrification Incarnate,250524_1600,Assassin
Dorotka,277749.0,1827.0,Petrification Incarnate,250524_1600,Spiritmaster
Purple,271057.0,1783.0,Petrification Incarnate,250524_1600,Spiritmaster
Milo,265454.0,1746.0,Petrification Incarnate,250524_1600,Assassin
Mareken,226601.0,1490.0,Petrification Incarnate,250524_1600,Spiritmaster
Meeq,216737.0,1425.0,Petrification Incarnate,250524_1600,Cleric
Getducked,190285.0,1251.0,Petrification Incarnate,250524_1600,Cleric
Misspurple,153909.0,1012.0,Petrification Incarnate,250524_1600,Cleric
Dolce,133143.0,875.0,Petrification Incarnate,250524_1600,Chanter
Erica,74043.0,487.0,Petrification Incarnate,250524_1600,Spiritmaster
Havi,44299.0,291.0,Petrification Incarnate,250524_1600,Cleric
Fenix,32126.0,211.0,Petrification Incarnate,250524_1600,Ranger
Kisa,8792.0,57.0,Petrification Incarnate,250524_1600,Cleric
Maro,5150.0,33.0,Petrification Incarnate,250524_1600,Cleric
Dirty,2815.0,18.0,Petrification Incarnate,250524_1600,Cleric
Ewzy,677826.0,4236.0,Petrification Incarnate,250527_1800,Sorcerer
Mika,668080.0,4175.0,Petrification Incarnate,250527_1800,Assassin
Trinius,642599.0,4016.0,Petrification Incarnate,250527_1800,Ranger
Cruellia,542521.0,3390.0,Petrification Incarnate,250527_1800,Assassin
Lockdowxn,527400.0,3296.0,Petrification Incarnate,250527_1800,Gladiator
Ziii,506391.0,3164.0,Petrification Incarnate,250527_1800,Cleric
Blackrevenge,501897.0,3136.0,Petrification Incarnate,250527_1800,Assassin
Yondaime,401361.0,2508.0,Petrification Incarnate,250527_1800,Ranger
Lako,399718.0,2498.0,Petrification Incarnate,250527_1800,Sorcerer
Purple,318609.0,1991.0,Petrification Incarnate,250527_1800,Spiritmaster
Ankeanklesnare,294957.0,1843.0,Petrification Incarnate,250527_1800,Gladiator
Erdante,255267.0,1595.0,Petrification Incarnate,250527_1800,Assassin
Knuffi,248479.0,1552.0,Petrification Incarnate,250527_1800,Gladiator
Judy,244947.0,1530.0,Petrification Incarnate,250527_1800,Gladiator
Tromegnam,234319.0,1464.0,Petrification Incarnate,250527_1800,Chanter
Soultrain,214484.0,1340.0,Petrification Incarnate,250527_1800,Templar
Siryan,186315.0,1164.0,Petrification Incarnate,250527_1800,Sorcerer
Gorkki,176204.0,1101.0,Petrification Incarnate,250527_1800,Sorcerer
Quickscar,167528.0,1047.0,Petrification Incarnate,250527_1800,Assassin
Velnioke,160888.0,1005.0,Petrification Incarnate,250527_1800,Spiritmaster
Yukimih,159950.0,999.0,Petrification Incarnate,250527_1800,Chanter
Dunkelelfe,134891.0,843.0,Petrification Incarnate,250527_1800,Chanter
Misspurple,130690.0,816.0,Petrification Incarnate,250527_1800,Cleric
Erica,118366.0,739.0,Petrification Incarnate,250527_1800,Spiritmaster
Lioness,71430.0,446.0,Petrification Incarnate,250527_1800,Spiritmaster
Vladick,473.0,2.0,Petrification Incarnate,250527_1800,Cleric
Hima,648947.0,4384.0,Petrification Incarnate,250527_2200,Sorcerer
Ewzy,625381.0,4225.0,Petrification Incarnate,250527_2200,Sorcerer
Lockdowxn,546393.0,3691.0,Petrification Incarnate,250527_2200,Gladiator
Kayomi,513209.0,3467.0,Petrification Incarnate,250527_2200,Gladiator
Trinius,506524.0,3422.0,Petrification Incarnate,250527_2200,Ranger
Cruellia,471407.0,3185.0,Petrification Incarnate,250527_2200,Assassin
Arkann,462758.0,3126.0,Petrification Incarnate,250527_2200,Ranger
Blackrevenge,446605.0,3017.0,Petrification Incarnate,250527_2200,Assassin
Ziii,426188.0,2879.0,Petrification Incarnate,250527_2200,Cleric
Lako,370303.0,2502.0,Petrification Incarnate,250527_2200,Sorcerer
Yondaime,358080.0,2419.0,Petrification Incarnate,250527_2200,Ranger
Jabba,345155.0,2332.0,Petrification Incarnate,250527_2200,Assassin
Siryan,313801.0,2120.0,Petrification Incarnate,250527_2200,Sorcerer
Kougetsu,312121.0,2108.0,Petrification Incarnate,250527_2200,Cleric
Helyona,290101.0,1960.0,Petrification Incarnate,250527_2200,Gladiator
Xenovia,278865.0,1884.0,Petrification Incarnate,250527_2200,Sorcerer
Nightwolf,241959.0,1634.0,Petrification Incarnate,250527_2200,Ranger
Erdante,238318.0,1610.0,Petrification Incarnate,250527_2200,Assassin
Kottra,209132.0,1413.0,Petrification Incarnate,250527_2200,Cleric
Velnioke,148000.0,1000.0,Petrification Incarnate,250527_2200,Spiritmaster
Persefona,135928.0,918.0,Petrification Incarnate,250527_2200,Spiritmaster
Tromegnam,116702.0,788.0,Petrification Incarnate,250527_2200,Chanter
Freecandy,96699.0,653.0,Petrification Incarnate,250527_2200,Chanter
Dunkelelfe,15709.0,106.0,Petrification Incarnate,250527_2200,Chanter
Mika,14447.0,97.0,Petrification Incarnate,250527_2200,Assassin
Kemoss,3045.0,20.0,Petrification Incarnate,250527_2200,Chanter
Ewzy,878527.0,4203.0,Petrification Incarnate,250528_1800,Sorcerer
Monarch,771802.0,3692.0,Petrification Incarnate,250528_1800,Sorcerer
Fregion,714729.0,3419.0,Petrification Incarnate,250528_1800,Assassin
Qyo,662197.0,3168.0,Petrification Incarnate,250528_1800,Ranger
Sasha,653578.0,3127.0,Petrification Incarnate,250528_1800,Gladiator
Cheesuz,592112.0,2833.0,Petrification Incarnate,250528_1800,Sorcerer
Cruellia,589285.0,2819.0,Petrification Incarnate,250528_1800,Assassin
Rooody,555309.0,2656.0,Petrification Incarnate,250528_1800,Ranger
Purple,479351.0,2293.0,Petrification Incarnate,250528_1800,Spiritmaster
Daisy,450166.0,2153.0,Petrification Incarnate,250528_1800,Cleric
Helyona,402935.0,1927.0,Petrification Incarnate,250528_1800,Gladiator
Jabba,359156.0,1718.0,Petrification Incarnate,250528_1800,Assassin
Obregon,337116.0,1612.0,Petrification Incarnate,250528_1800,Ranger
Quickscar,294229.0,1407.0,Petrification Incarnate,250528_1800,Assassin
Maro,255106.0,1220.0,Petrification Incarnate,250528_1800,Cleric
Misspurple,195794.0,936.0,Petrification Incarnate,250528_1800,Cleric
Dirty,137119.0,656.0,Petrification Incarnate,250528_1800,Cleric
Erdante,127573.0,610.0,Petrification Incarnate,250528_1800,Assassin
Blackrevenge,74446.0,356.0,Petrification Incarnate,250528_1800,Assassin
Erica,13739.0,65.0,Petrification Incarnate,250528_1800,Spiritmaster
Mika,564801.0,3922.0,Petrification Incarnate,250528_2200,Assassin
Gorkki,500575.0,3476.0,Petrification Incarnate,250528_2200,Sorcerer
Arkann,486769.0,3380.0,Petrification Incarnate,250528_2200,Ranger
Hima,476907.0,3311.0,Petrification Incarnate,250528_2200,Sorcerer
Cruellia,474200.0,3293.0,Petrification Incarnate,250528_2200,Assassin
Blackrevenge,461768.0,3206.0,Petrification Incarnate,250528_2200,Assassin
Sasha,415172.0,2883.0,Petrification Incarnate,250528_2200,Gladiator
Kayomi,412213.0,2862.0,Petrification Incarnate,250528_2200,Gladiator
Shadowsama,326257.0,2265.0,Petrification Incarnate,250528_2200,Gladiator
Dorotka,315687.0,2192.0,Petrification Incarnate,250528_2200,Spiritmaster
Nightwolf,309893.0,2152.0,Petrification Incarnate,250528_2200,Ranger
Milo,285241.0,1980.0,Petrification Incarnate,250528_2200,Assassin
Phantom,279726.0,1942.0,Petrification Incarnate,250528_2200,Templar
Jabba,263536.0,1830.0,Petrification Incarnate,250528_2200,Assassin
Sintax,249825.0,1734.0,Petrification Incarnate,250528_2200,Assassin
Tromegnam,238240.0,1654.0,Petrification Incarnate,250528_2200,Chanter
Purple,231105.0,1604.0,Petrification Incarnate,250528_2200,Spiritmaster
Veldora,211603.0,1469.0,Petrification Incarnate,250528_2200,Chanter
Zyphron,181065.0,1257.0,Petrification Incarnate,250528_2200,Templar
Anoon,176544.0,1226.0,Petrification Incarnate,250528_2200,Assassin
Ziii,170500.0,1184.0,Petrification Incarnate,250528_2200,Cleric
Knuffi,152153.0,1056.0,Petrification Incarnate,250528_2200,Gladiator
Kottra,151116.0,1049.0,Petrification Incarnate,250528_2200,Cleric
Bringerofdeath,147665.0,1025.0,Petrification Incarnate,250528_2200,Spiritmaster
Velnioke,146350.0,1016.0,Petrification Incarnate,250528_2200,Spiritmaster
Misspurple,137185.0,952.0,Petrification Incarnate,250528_2200,Cleric
Lockdowxn,131883.0,915.0,Petrification Incarnate,250528_2200,Gladiator
Lako,120714.0,838.0,Petrification Incarnate,250528_2200,Sorcerer
Fenix,115398.0,801.0,Petrification Incarnate,250528_2200,Ranger
Kemoss,23410.0,162.0,Petrification Incarnate,250528_2200,Chanter
Zamje,8587.0,59.0,Petrification Incarnate,250528_2200,Ranger
Ewzy,750562.0,4441.0,Petrification Incarnate,250530_1800,Sorcerer
Monarch,678383.0,4014.0,Petrification Incarnate,250530_1800,Sorcerer
Arkann,625945.0,3703.0,Petrification Incarnate,250530_1800,Ranger
Cruellia,552535.0,3269.0,Petrification Incarnate,250530_1800,Assassin
Ziii,520839.0,3081.0,Petrification Incarnate,250530_1800,Cleric
Lako,497052.0,2941.0,Petrification Incarnate,250530_1800,Sorcerer
Ameko,461802.0,2732.0,Petrification Incarnate,250530_1800,Cleric
Erdante,393705.0,2329.0,Petrification Incarnate,250530_1800,Assassin
Kougetsu,379522.0,2245.0,Petrification Incarnate,250530_1800,Cleric
Helyona,331702.0,1962.0,Petrification Incarnate,250530_1800,Gladiator
Zamje,328056.0,1941.0,Petrification Incarnate,250530_1800,Ranger
Ankeanklesnare,322482.0,1908.0,Petrification Incarnate,250530_1800,Gladiator
Blackrevenge,314746.0,1862.0,Petrification Incarnate,250530_1800,Assassin
Milo,307200.0,1817.0,Petrification Incarnate,250530_1800,Assassin
Nightwolf,296799.0,1756.0,Petrification Incarnate,250530_1800,Ranger
Norboo,275064.0,1627.0,Petrification Incarnate,250530_1800,Templar
Judy,258069.0,1527.0,Petrification Incarnate,250530_1800,Gladiator
Persefona,245049.0,1449.0,Petrification Incarnate,250530_1800,Spiritmaster
Quickscar,170774.0,1010.0,Petrification Incarnate,250530_1800,Assassin
Wintersun,168941.0,999.0,Petrification Incarnate,250530_1800,Ranger
Veldora,147646.0,873.0,Petrification Incarnate,250530_1800,Chanter
Knuffi,126840.0,750.0,Petrification Incarnate,250530_1800,Gladiator
Tromegnam,126579.0,748.0,Petrification Incarnate,250530_1800,Chanter
Kemoss,118723.0,702.0,Petrification Incarnate,250530_1800,Chanter
Lockdowxn,105425.0,623.0,Petrification Incarnate,250530_1800,Gladiator
Ewzy,707692.0,4536.0,Petrification Incarnate,250531_1800,Sorcerer
Mika,631364.0,4047.0,Petrification Incarnate,250531_1801,Assassin
Monarch,610033.0,3910.0,Petrification Incarnate,250531_1802,Sorcerer
Cruellia,480384.0,3079.0,Petrification Incarnate,250531_1803,Assassin
Sharyin,470213.0,3014.0,Petrification Incarnate,250531_1804,Assassin
Lockdowxn,450386.0,2887.0,Petrification Incarnate,250531_1805,Gladiator
Qyo,415883.0,2665.0,Petrification Incarnate,250531_1806,Ranger
Prcinka,376648.0,2414.0,Petrification Incarnate,250531_1807,Sorcerer
Shadowsama,354176.0,2270.0,Petrification Incarnate,250531_1808,Gladiator
Lif,345960.0,2217.0,Petrification Incarnate,250531_1809,Gladiator
Arkann,344050.0,2205.0,Petrification Incarnate,250531_1810,Ranger
Kottra,331289.0,2123.0,Petrification Incarnate,250531_1811,Cleric
Getducked,315298.0,2021.0,Petrification Incarnate,250531_1812,Cleric
Schiggymiggy,299033.0,1916.0,Petrification Incarnate,250531_1813,Spiritmaster
Zaryda,294747.0,1889.0,Petrification Incarnate,250531_1814,Templar
Zamje,273557.0,1753.0,Petrification Incarnate,250531_1815,Ranger
Shuna,259914.0,1666.0,Petrification Incarnate,250531_1816,Chanter
Dunkelelfe,231421.0,1483.0,Petrification Incarnate,250531_1817,Chanter
Purple,184480.0,1182.0,Petrification Incarnate,250531_1818,Spiritmaster
Dorotka,183527.0,1176.0,Petrification Incarnate,250531_1819,Spiritmaster
Erica,121868.0,781.0,Petrification Incarnate,250531_1820,Spiritmaster
Misspurple,117317.0,752.0,Petrification Incarnate,250531_1821,Cleric
Riyox,105833.0,678.0,Petrification Incarnate,250531_1822,Chanter
Harmi,94652.0,606.0,Petrification Incarnate,250531_1823,Cleric
Cleo,87844.0,563.0,Petrification Incarnate,250531_1824,Cleric
Beritra,41850.0,268.0,Petrification Incarnate,250531_1825,Cleric
Tankafaire,33388.0,214.0,Petrification Incarnate,250531_1826,Templar
Ameko,5745.0,36.0,Petrification Incarnate,250531_1827,Cleric
Ewzy,503879.0,4988.0,Petrification Incarnate,250601_2200,Sorcerer
Hima,433609.0,4293.0,Petrification Incarnate,250601_2200,Sorcerer
Mika,399308.0,3953.0,Petrification Incarnate,250601_2200,Assassin
Caliton,392285.0,3884.0,Petrification Incarnate,250601_2200,Sorcerer
Tranzor,337741.0,3343.0,Petrification Incarnate,250601_2200,Ranger
Arkann,332339.0,3290.0,Petrification Incarnate,250601_2200,Ranger
Sharyin,328920.0,3256.0,Petrification Incarnate,250601_2200,Assassin
Kougetsu,317597.0,3144.0,Petrification Incarnate,250601_2200,Cleric
Ameko,315571.0,3124.0,Petrification Incarnate,250601_2200,Cleric
Mazyle,313014.0,3099.0,Petrification Incarnate,250601_2200,Sorcerer
Lako,312237.0,3091.0,Petrification Incarnate,250601_2200,Sorcerer
Cruellia,309173.0,3061.0,Petrification Incarnate,250601_2200,Assassin
Kisa,298988.0,2960.0,Petrification Incarnate,250601_2200,Cleric
Xyng,292883.0,2899.0,Petrification Incarnate,250601_2200,Assassin
Ziii,292634.0,2897.0,Petrification Incarnate,250601_2200,Cleric
Yondaime,270394.0,2677.0,Petrification Incarnate,250601_2200,Ranger
Schattenlotus,225979.0,2237.0,Petrification Incarnate,250601_2200,Ranger
Nightwolf,212112.0,2100.0,Petrification Incarnate,250601_2200,Ranger
Ankeanklesnare,207947.0,2058.0,Petrification Incarnate,250601_2200,Gladiator
Rufin,171690.0,1699.0,Petrification Incarnate,250601_2200,Sorcerer
Wintersun,166278.0,1646.0,Petrification Incarnate,250601_2200,Ranger
Phantom,149508.0,1480.0,Petrification Incarnate,250601_2200,Templar
Purple,148611.0,1471.0,Petrification Incarnate,250601_2200,Spiritmaster
Tromegnam,141148.0,1397.0,Petrification Incarnate,250601_2200,Chanter
Erdante,139034.0,1376.0,Petrification Incarnate,250601_2200,Assassin
Veldora,131475.0,1301.0,Petrification Incarnate,250601_2200,Chanter
Norboo,113231.0,1121.0,Petrification Incarnate,250601_2200,Templar
Sera,108735.0,1076.0,Petrification Incarnate,250601_2200,Spiritmaster
Whysteria,107646.0,1065.0,Petrification Incarnate,250601_2200,Cleric
Yukimih,92107.0,911.0,Petrification Incarnate,250601_2200,Chanter
Conqz,91373.0,904.0,Petrification Incarnate,250601_2200,Chanter
Dunkelelfe,89606.0,887.0,Petrification Incarnate,250601_2200,Chanter
Cptnn,87671.0,868.0,Petrification Incarnate,250601_2200,Templar
Tanik,87595.0,867.0,Petrification Incarnate,250601_2200,Cleric
Goodbyte,82256.0,814.0,Petrification Incarnate,250601_2200,Spiritmaster
Tayga,81234.0,804.0,Petrification Incarnate,250601_2200,Ranger
Misspurple,80390.0,795.0,Petrification Incarnate,250601_2200,Cleric
Rosie,60528.0,599.0,Petrification Incarnate,250601_2200,Cleric
Zamje,41702.0,412.0,Petrification Incarnate,250601_2200,Ranger
Dirty,26634.0,263.0,Petrification Incarnate,250601_2200,Cleric
Blackrevenge,18556.0,183.0,Petrification Incarnate,250601_2200,Assassin
Svierxa,15384.0,152.0,Petrification Incarnate,250601_2200,Chanter
Bubblegumkitty,15164.0,150.0,Petrification Incarnate,250601_2200,Chanter
Cleanse,1651.0,16.0,Petrification Incarnate,250601_2200,Cleric
Bufiukas,1.0,0.0,Petrification Incarnate,250601_2200,Chanter
Monarch,629901.0,4314.0,Petrification Incarnate,250603_1800,Sorcerer
Arkann,558443.0,3824.0,Petrification Incarnate,250603_1800,Ranger
Fregion,538795.0,3690.0,Petrification Incarnate,250603_1800,Assassin
Lockdowxn,448400.0,3071.0,Petrification Incarnate,250603_1800,Gladiator
Lako,437043.0,2993.0,Petrification Incarnate,250603_1800,Sorcerer
Ziii,422484.0,2893.0,Petrification Incarnate,250603_1800,Cleric
Mnstr,421994.0,2890.0,Petrification Incarnate,250603_1800,Sorcerer
Tranzor,414151.0,2836.0,Petrification Incarnate,250603_1800,Ranger
Mazyle,405343.0,2776.0,Petrification Incarnate,250603_1800,Sorcerer
Cruellia,385549.0,2640.0,Petrification Incarnate,250603_1800,Assassin
Mbe,319264.0,2186.0,Petrification Incarnate,250603_1800,Assassin
Marelotz,317460.0,2174.0,Petrification Incarnate,250603_1800,Ranger
Qxas,315492.0,2160.0,Petrification Incarnate,250603_1800,Gladiator
Ducklord,308349.0,2111.0,Petrification Incarnate,250603_1800,Chanter
Erdante,269349.0,1844.0,Petrification Incarnate,250603_1800,Assassin
Cake,262215.0,1795.0,Petrification Incarnate,250603_1800,Spiritmaster
Hima,245014.0,1678.0,Petrification Incarnate,250603_1800,Sorcerer
Whysteria,232142.0,1590.0,Petrification Incarnate,250603_1800,Cleric
Judy,219724.0,1504.0,Petrification Incarnate,250603_1800,Gladiator
Purple,214560.0,1469.0,Petrification Incarnate,250603_1800,Spiritmaster
Yukimih,152994.0,1047.0,Petrification Incarnate,250603_1800,Chanter
Kemosss,140039.0,959.0,Petrification Incarnate,250603_1800,Ranger
Misspurple,117764.0,806.0,Petrification Incarnate,250603_1800,Cleric
Cptnn,102631.0,702.0,Petrification Incarnate,250603_1800,Templar
Kayomi,93941.0,643.0,Petrification Incarnate,250603_1800,Gladiator
Trample,92631.0,634.0,Petrification Incarnate,250603_1800,Templar
Erica,91999.0,630.0,Petrification Incarnate,250603_1800,Spiritmaster
Ankeanklesnare,82345.0,564.0,Petrification Incarnate,250603_1800,Gladiator
Blackrevenge,38998.0,267.0,Petrification Incarnate,250603_1800,Assassin
Svierxa,7162.0,49.0,Petrification Incarnate,250603_1800,Chanter
Kemoss,1240.0,8.0,Petrification Incarnate,250603_1800,Chanter
Monarch,656979.0,4211.0,Petrification Incarnate,250604_1800,Sorcerer
Kougetsu,555200.0,3558.0,Petrification Incarnate,250604_1800,Cleric
Mnstr,528660.0,3388.0,Petrification Incarnate,250604_1800,Sorcerer
Mazyle,483982.0,3102.0,Petrification Incarnate,250604_1800,Sorcerer
Mbe,453180.0,2905.0,Petrification Incarnate,250604_1800,Assassin
Tranzor,447745.0,2870.0,Petrification Incarnate,250604_1800,Ranger
Nightwolf,443186.0,2840.0,Petrification Incarnate,250604_1800,Ranger
Prcinka,442221.0,2834.0,Petrification Incarnate,250604_1800,Sorcerer
Cruellia,425102.0,2725.0,Petrification Incarnate,250604_1800,Assassin
Ziii,397290.0,2546.0,Petrification Incarnate,250604_1800,Cleric
Erdante,331166.0,2122.0,Petrification Incarnate,250604_1800,Assassin
Lockdowxn,309662.0,1985.0,Petrification Incarnate,250604_1800,Gladiator
Silentstrike,299405.0,1919.0,Petrification Incarnate,250604_1800,Assassin
Lacuna,293765.0,1883.0,Petrification Incarnate,250604_1800,Ranger
Pimpim,273247.0,1751.0,Petrification Incarnate,250604_1800,Spiritmaster
Purple,213723.0,1370.0,Petrification Incarnate,250604_1800,Spiritmaster
Xyo,204778.0,1312.0,Petrification Incarnate,250604_1800,Templar
Whysteria,202736.0,1299.0,Petrification Incarnate,250604_1800,Cleric
Yukimih,165624.0,1061.0,Petrification Incarnate,250604_1800,Chanter
Siryan,141413.0,906.0,Petrification Incarnate,250604_1800,Sorcerer
Erica,133130.0,853.0,Petrification Incarnate,250604_1800,Spiritmaster
Oktavya,109206.0,700.0,Petrification Incarnate,250604_1800,Cleric
Persefona,101207.0,648.0,Petrification Incarnate,250604_1800,Spiritmaster
Kayomi,99037.0,634.0,Petrification Incarnate,250604_1800,Gladiator
Svierxa,97544.0,625.0,Petrification Incarnate,250604_1800,Chanter
Misspurple,92697.0,594.0,Petrification Incarnate,250604_1800,Cleric
Cptnn,85811.0,550.0,Petrification Incarnate,250604_1800,Templar
Blackrevenge,56414.0,361.0,Petrification Incarnate,250604_1800,Assassin
Lako,44232.0,283.0,Petrification Incarnate,250604_1800,Sorcerer
Renne,41859.0,268.0,Petrification Incarnate,250604_1800,Cleric
Marelotz,8101.0,51.0,Petrification Incarnate,250604_1800,Ranger
Cleo,1796.0,11.0,Petrification Incarnate,250604_1800,Cleric
Caliton,593720.0,3906.0,Petrification Incarnate,250605_1800,Sorcerer
Zamje,524234.0,3448.0,Petrification Incarnate,250605_1800,Ranger
Lako,502105.0,3303.0,Petrification Incarnate,250605_1800,Sorcerer
Kougetsu,496526.0,3266.0,Petrification Incarnate,250605_1800,Cleric
Mazyle,470684.0,3096.0,Petrification Incarnate,250605_1800,Sorcerer
Mnstr,432770.0,2847.0,Petrification Incarnate,250605_1800,Sorcerer
Force,432023.0,2842.0,Petrification Incarnate,250605_1800,Assassin
Ziii,409239.0,2692.0,Petrification Incarnate,250605_1800,Cleric
Mbe,393181.0,2586.0,Petrification Incarnate,250605_1800,Assassin
Cruellia,391017.0,2572.0,Petrification Incarnate,250605_1800,Assassin
Earthguardian,349298.0,2298.0,Petrification Incarnate,250605_1800,Cleric
Monarch,339544.0,2233.0,Petrification Incarnate,250605_1800,Sorcerer
Tryhardian,297999.0,1960.0,Petrification Incarnate,250605_1800,Templar
Marelotz,283813.0,1867.0,Petrification Incarnate,250605_1800,Ranger
Silentstrike,262958.0,1729.0,Petrification Incarnate,250605_1800,Assassin
Purple,254752.0,1676.0,Petrification Incarnate,250605_1800,Spiritmaster
Lacuna,239469.0,1575.0,Petrification Incarnate,250605_1800,Ranger
Helyona,239120.0,1573.0,Petrification Incarnate,250605_1800,Gladiator
Xyo,235786.0,1551.0,Petrification Incarnate,250605_1800,Templar
Fay,198381.0,1305.0,Petrification Incarnate,250605_1800,Cleric
Whysteria,185687.0,1221.0,Petrification Incarnate,250605_1800,Cleric
Tranzor,162162.0,1066.0,Petrification Incarnate,250605_1800,Ranger
Erica,146022.0,960.0,Petrification Incarnate,250605_1800,Spiritmaster
Persefona,131065.0,862.0,Petrification Incarnate,250605_1800,Spiritmaster
Misspurple,127295.0,837.0,Petrification Incarnate,250605_1800,Cleric
Nebu,90281.0,593.0,Petrification Incarnate,250605_1800,Cleric
Tasnoe,76459.0,503.0,Petrification Incarnate,250605_1800,Gladiator
Jira,61813.0,406.0,Petrification Incarnate,250605_1800,Chanter
Bubblegumkitty,16398.0,107.0,Petrification Incarnate,250605_1800,Chanter
Scofield,1770.0,11.0,Petrification Incarnate,250605_1800,Chanter
Lioness,910.0,5.0,Petrification Incarnate,250605_1800,Spiritmaster
Mika,453345.0,3383.0,Wrath Incarnate,250513_1800,Assassin
Ewzy,397740.0,2968.0,Wrath Incarnate,250513_1800,Sorcerer
Cruellia,389503.0,2906.0,Wrath Incarnate,250513_1800,Assassin
Getducked,384210.0,2867.0,Wrath Incarnate,250513_1800,Cleric
Monarch,357424.0,2667.0,Wrath Incarnate,250513_1800,Sorcerer
Lockdowxn,346865.0,2588.0,Wrath Incarnate,250513_1800,Gladiator
Sharyin,324669.0,2422.0,Wrath Incarnate,250513_1800,Assassin
Schiggymiggy,297759.0,2222.0,Wrath Incarnate,250513_1800,Spiritmaster
Prcinka,274193.0,2046.0,Wrath Incarnate,250513_1800,Sorcerer
Arkann,266142.0,1986.0,Wrath Incarnate,250513_1800,Ranger
Zamje,263508.0,1966.0,Wrath Incarnate,250513_1800,Ranger
Qyo,259200.0,1934.0,Wrath Incarnate,250513_1800,Ranger
Lif,251939.0,1880.0,Wrath Incarnate,250513_1800,Gladiator
Shuna,198724.0,1483.0,Wrath Incarnate,250513_1800,Chanter
Shadowsama,181175.0,1352.0,Wrath Incarnate,250513_1800,Gladiator
Purple,134215.0,1001.0,Wrath Incarnate,250513_1800,Spiritmaster
Dunkelelfe,127005.0,947.0,Wrath Incarnate,250513_1800,Chanter
Erica,122557.0,914.0,Wrath Incarnate,250513_1800,Spiritmaster
Beritra,121186.0,904.0,Wrath Incarnate,250513_1800,Cleric
Zaryda,100586.0,750.0,Wrath Incarnate,250513_1800,Templar
Kottra,82123.0,612.0,Wrath Incarnate,250513_1800,Cleric
Dorotka,71749.0,535.0,Wrath Incarnate,250513_1800,Spiritmaster
Khirosa,67958.0,507.0,Wrath Incarnate,250513_1800,Assassin
Misspurple,62198.0,464.0,Wrath Incarnate,250513_1800,Cleric
Riyox,40968.0,305.0,Wrath Incarnate,250513_1800,Chanter
Tankafaire,30594.0,228.0,Wrath Incarnate,250513_1800,Templar
Cleo,23320.0,174.0,Wrath Incarnate,250513_1800,Cleric
Ewzy,634434.0,2449.0,Wrath Incarnate,250516_1800,Sorcerer
Lnl,559015.0,2158.0,Wrath Incarnate,250516_1800,Sorcerer
Kougetsu,476024.0,1837.0,Wrath Incarnate,250516_1800,Cleric
Cruellia,471108.0,1818.0,Wrath Incarnate,250516_1800,Assassin
Lockdowxn,435645.0,1682.0,Wrath Incarnate,250516_1800,Gladiator
Shadowsama,426536.0,1646.0,Wrath Incarnate,250516_1800,Gladiator
Sharyin,425489.0,1642.0,Wrath Incarnate,250516_1800,Assassin
Getducked,378034.0,1459.0,Wrath Incarnate,250516_1800,Cleric
Lif,334103.0,1289.0,Wrath Incarnate,250516_1800,Gladiator
Zamje,301167.0,1162.0,Wrath Incarnate,250516_1800,Ranger
Helyona,286289.0,1105.0,Wrath Incarnate,250516_1800,Gladiator
Qyo,280279.0,1082.0,Wrath Incarnate,250516_1800,Ranger
Milo,264357.0,1020.0,Wrath Incarnate,250516_1800,Assassin
Anoon,204001.0,787.0,Wrath Incarnate,250516_1800,Assassin
Ethiliel,67536.0,260.0,Wrath Incarnate,250516_1800,Chanter
Kottra,45646.0,176.0,Wrath Incarnate,250516_1800,Cleric
Monarch,28956.0,111.0,Wrath Incarnate,250516_1800,Sorcerer
Scofield,8854.0,34.0,Wrath Incarnate,250516_1800,Chanter
Veldora,5957.0,23.0,Wrath Incarnate,250516_1800,Chanter
Renne,1460.0,5.0,Wrath Incarnate,250516_1800,Cleric
Qyo,554853.0,3467.0,Wrath Incarnate,250520_1800,Ranger
Dennali,485285.0,3033.0,Wrath Incarnate,250520_1800,Ranger
Cruellia,447819.0,2798.0,Wrath Incarnate,250520_1800,Assassin
Lif,399679.0,2497.0,Wrath Incarnate,250520_1800,Gladiator
Kayomi,397287.0,2483.0,Wrath Incarnate,250520_1800,Gladiator
Lockdowxn,393826.0,2461.0,Wrath Incarnate,250520_1800,Gladiator
Getducked,392876.0,2455.0,Wrath Incarnate,250520_1800,Cleric
Oede,383847.0,2399.0,Wrath Incarnate,250520_1800,Gladiator
Prcinka,363613.0,2272.0,Wrath Incarnate,250520_1800,Sorcerer
Lako,296590.0,1853.0,Wrath Incarnate,250520_1800,Sorcerer
Siryan,229158.0,1432.0,Wrath Incarnate,250520_1800,Sorcerer
Kottra,188454.0,1177.0,Wrath Incarnate,250520_1800,Cleric
Dunkelelfe,172997.0,1081.0,Wrath Incarnate,250520_1800,Chanter
Sakurol,172066.0,1075.0,Wrath Incarnate,250520_1800,Ranger
You,152856.0,955.0,Wrath Incarnate,250520_1800,Spiritmaster
Misspurple,134681.0,841.0,Wrath Incarnate,250520_1800,Cleric
Yukimih,127444.0,796.0,Wrath Incarnate,250520_1800,Chanter
Freecandy,125153.0,782.0,Wrath Incarnate,250520_1800,Chanter
Erica,121813.0,761.0,Wrath Incarnate,250520_1800,Spiritmaster
Cleo,96650.0,604.0,Wrath Incarnate,250520_1800,Cleric
Mika,55271.0,345.0,Wrath Incarnate,250520_1800,Assassin
Ewzy,26837.0,167.0,Wrath Incarnate,250520_1800,Sorcerer
Earthguardian,18205.0,113.0,Wrath Incarnate,250520_1800,Cleric
Cptnn,12881.0,80.0,Wrath Incarnate,250520_1800,Templar
Blackrevenge,7891.0,49.0,Wrath Incarnate,250520_1800,Assassin
Ameko,5784.0,36.0,Wrath Incarnate,250520_1800,Cleric
Fentanyl,570173.0,3476.0,Wrath Incarnate,250521_1800,Sorcerer
Mika,515370.0,3142.0,Wrath Incarnate,250521_1800,Assassin
Cruellia,442558.0,2698.0,Wrath Incarnate,250521_1800,Assassin
Monarch,412058.0,2512.0,Wrath Incarnate,250521_1800,Sorcerer
Lockdowxn,411708.0,2510.0,Wrath Incarnate,250521_1800,Gladiator
Dennali,395029.0,2408.0,Wrath Incarnate,250521_1800,Ranger
Elisa,356362.0,2172.0,Wrath Incarnate,250521_1800,Cleric
Lif,339645.0,2071.0,Wrath Incarnate,250521_1800,Gladiator
Yondaime,329932.0,2011.0,Wrath Incarnate,250521_1800,Ranger
Mareken,302680.0,1845.0,Wrath Incarnate,250521_1800,Spiritmaster
Ankeanklesnare,291795.0,1779.0,Wrath Incarnate,250521_1800,Gladiator
Siryan,264200.0,1610.0,Wrath Incarnate,250521_1800,Sorcerer
Mbe,236295.0,1440.0,Wrath Incarnate,250521_1800,Assassin
Erdante,172906.0,1054.0,Wrath Incarnate,250521_1800,Assassin
Helyona,161331.0,983.0,Wrath Incarnate,250521_1800,Gladiator
Misspurple,157465.0,960.0,Wrath Incarnate,250521_1800,Cleric
Erica,97773.0,596.0,Wrath Incarnate,250521_1800,Spiritmaster
Dolce,78827.0,480.0,Wrath Incarnate,250521_1800,Chanter
Sakurol,64781.0,395.0,Wrath Incarnate,250521_1800,Ranger
Fentanyl,458215.0,4405.0,Wrath Incarnate,250522_1800,Sorcerer
Ewzy,405977.0,3903.0,Wrath Incarnate,250522_1800,Sorcerer
Trinius,377436.0,3629.0,Wrath Incarnate,250522_1800,Ranger
Monarch,326797.0,3142.0,Wrath Incarnate,250522_1800,Sorcerer
Bigtittyspells,325468.0,3129.0,Wrath Incarnate,250522_1800,Sorcerer
Sasha,304471.0,2927.0,Wrath Incarnate,250522_1800,Gladiator
Prcinka,277684.0,2670.0,Wrath Incarnate,250522_1800,Sorcerer
Shadowsama,246601.0,2371.0,Wrath Incarnate,250522_1800,Gladiator
Cruellia,206700.0,1987.0,Wrath Incarnate,250522_1800,Assassin
Firgar,201977.0,1942.0,Wrath Incarnate,250522_1800,Gladiator
Mareken,192056.0,1846.0,Wrath Incarnate,250522_1800,Spiritmaster
Lockdowxn,191235.0,1838.0,Wrath Incarnate,250522_1800,Gladiator
Lako,191003.0,1836.0,Wrath Incarnate,250522_1800,Sorcerer
Blackrevenge,181921.0,1749.0,Wrath Incarnate,250522_1800,Assassin
Kougetsu,174856.0,1681.0,Wrath Incarnate,250522_1800,Cleric
Lif,150422.0,1446.0,Wrath Incarnate,250522_1800,Gladiator
Cheesuz,146661.0,1410.0,Wrath Incarnate,250522_1800,Sorcerer
Devonishx,139899.0,1345.0,Wrath Incarnate,250522_1800,Spiritmaster
Yuzumaki,132646.0,1275.0,Wrath Incarnate,250522_1800,Gladiator
Mbe,126665.0,1217.0,Wrath Incarnate,250522_1800,Assassin
Deatherx,123152.0,1184.0,Wrath Incarnate,250522_1800,Ranger
Daisy,119247.0,1146.0,Wrath Incarnate,250522_1800,Cleric
Erica,117523.0,1130.0,Wrath Incarnate,250522_1800,Spiritmaster
Misspurple,89621.0,861.0,Wrath Incarnate,250522_1800,Cleric
Cleo,78700.0,756.0,Wrath Incarnate,250522_1800,Cleric
Needmana,61126.0,587.0,Wrath Incarnate,250522_1800,Gladiator
Dunkelelfe,53721.0,516.0,Wrath Incarnate,250522_1800,Chanter
Shuna,24842.0,238.0,Wrath Incarnate,250522_1800,Chanter
Ameko,14837.0,142.0,Wrath Incarnate,250522_1800,Cleric
Veronika,3259.0,31.0,Wrath Incarnate,250522_1800,Chanter
Ewzy,531711.0,1651.0,Wrath Incarnate,250524_1600,Sorcerer
Kayomi,439133.0,1363.0,Wrath Incarnate,250524_1600,Gladiator
Fregion,428944.0,1332.0,Wrath Incarnate,250524_1600,Assassin
Mika,427629.0,1328.0,Wrath Incarnate,250524_1600,Assassin
Ember,414492.0,1287.0,Wrath Incarnate,250524_1600,Gladiator
Fentanyl,409695.0,1272.0,Wrath Incarnate,250524_1600,Sorcerer
Lockdowxn,388293.0,1205.0,Wrath Incarnate,250524_1600,Gladiator
Lif,369026.0,1146.0,Wrath Incarnate,250524_1600,Gladiator
Cruellia,332452.0,1032.0,Wrath Incarnate,250524_1600,Assassin
Dorotka,328307.0,1019.0,Wrath Incarnate,250524_1600,Spiritmaster
Zamje,283065.0,879.0,Wrath Incarnate,250524_1600,Ranger
Purple,235580.0,731.0,Wrath Incarnate,250524_1600,Spiritmaster
Meeq,219931.0,683.0,Wrath Incarnate,250524_1600,Cleric
Mbe,213741.0,663.0,Wrath Incarnate,250524_1600,Assassin
Milo,211969.0,658.0,Wrath Incarnate,250524_1600,Assassin
Ankeanklesnare,205175.0,637.0,Wrath Incarnate,250524_1600,Gladiator
Helyona,148212.0,460.0,Wrath Incarnate,250524_1600,Gladiator
Mareken,105917.0,328.0,Wrath Incarnate,250524_1600,Spiritmaster
Erica,86792.0,269.0,Wrath Incarnate,250524_1600,Spiritmaster
Fenix,57462.0,178.0,Wrath Incarnate,250524_1600,Ranger
Dolce,43947.0,136.0,Wrath Incarnate,250524_1600,Chanter
Misspurple,29722.0,92.0,Wrath Incarnate,250524_1600,Cleric
Havi,28253.0,87.0,Wrath Incarnate,250524_1600,Cleric
Kisa,3145.0,9.0,Wrath Incarnate,250524_1600,Cleric
Battleferrari,2235.0,6.0,Wrath Incarnate,250524_1600,Templar
Getducked,1814.0,5.0,Wrath Incarnate,250524_1600,Cleric
Ewzy,462248.0,3501.0,Wrath Incarnate,250527_1800,Sorcerer
Trinius,427584.0,3239.0,Wrath Incarnate,250527_1800,Ranger
Cruellia,395692.0,2997.0,Wrath Incarnate,250527_1800,Assassin
Mika,382146.0,2895.0,Wrath Incarnate,250527_1800,Assassin
Blackrevenge,368999.0,2795.0,Wrath Incarnate,250527_1800,Assassin
Ziii,360977.0,2734.0,Wrath Incarnate,250527_1800,Cleric
Yondaime,301763.0,2286.0,Wrath Incarnate,250527_1800,Ranger
Lockdowxn,279126.0,2114.0,Wrath Incarnate,250527_1800,Gladiator
Lako,274900.0,2082.0,Wrath Incarnate,250527_1800,Sorcerer
Purple,227406.0,1722.0,Wrath Incarnate,250527_1800,Spiritmaster
Siryan,213806.0,1619.0,Wrath Incarnate,250527_1800,Sorcerer
Tromegnam,195760.0,1483.0,Wrath Incarnate,250527_1800,Chanter
Knuffi,194267.0,1471.0,Wrath Incarnate,250527_1800,Gladiator
Erdante,174943.0,1325.0,Wrath Incarnate,250527_1800,Assassin
Judy,171473.0,1299.0,Wrath Incarnate,250527_1800,Gladiator
Quickscar,161548.0,1223.0,Wrath Incarnate,250527_1800,Assassin
Gorkki,144458.0,1094.0,Wrath Incarnate,250527_1800,Sorcerer
Soultrain,132324.0,1002.0,Wrath Incarnate,250527_1800,Templar
Yukimih,113003.0,856.0,Wrath Incarnate,250527_1800,Chanter
Velnioke,105962.0,802.0,Wrath Incarnate,250527_1800,Spiritmaster
Misspurple,88848.0,673.0,Wrath Incarnate,250527_1800,Cleric
Erica,88320.0,669.0,Wrath Incarnate,250527_1800,Spiritmaster
Lioness,49002.0,371.0,Wrath Incarnate,250527_1800,Spiritmaster
Dunkelelfe,38914.0,294.0,Wrath Incarnate,250527_1800,Chanter
Hima,466340.0,4163.0,Wrath Incarnate,250527_2200,Sorcerer
Ewzy,392151.0,3501.0,Wrath Incarnate,250527_2200,Sorcerer
Trinius,389508.0,3477.0,Wrath Incarnate,250527_2200,Ranger
Lockdowxn,371735.0,3319.0,Wrath Incarnate,250527_2200,Gladiator
Kayomi,354077.0,3161.0,Wrath Incarnate,250527_2200,Gladiator
Arkann,340707.0,3042.0,Wrath Incarnate,250527_2200,Ranger
Cruellia,337144.0,3010.0,Wrath Incarnate,250527_2200,Assassin
Yondaime,258608.0,2309.0,Wrath Incarnate,250527_2200,Ranger
Lako,257924.0,2302.0,Wrath Incarnate,250527_2200,Sorcerer
Nightwolf,227990.0,2035.0,Wrath Incarnate,250527_2200,Ranger
Siryan,219139.0,1956.0,Wrath Incarnate,250527_2200,Sorcerer
Ziii,205898.0,1838.0,Wrath Incarnate,250527_2200,Cleric
Blackrevenge,200316.0,1788.0,Wrath Incarnate,250527_2200,Assassin
Helyona,189482.0,1691.0,Wrath Incarnate,250527_2200,Gladiator
Jabba,163934.0,1463.0,Wrath Incarnate,250527_2200,Assassin
Xenovia,148074.0,1322.0,Wrath Incarnate,250527_2200,Sorcerer
Kougetsu,130502.0,1165.0,Wrath Incarnate,250527_2200,Cleric
Persefona,128207.0,1144.0,Wrath Incarnate,250527_2200,Spiritmaster
Erdante,126858.0,1132.0,Wrath Incarnate,250527_2200,Assassin
Tromegnam,116752.0,1042.0,Wrath Incarnate,250527_2200,Chanter
Bringerofdeath,114427.0,1021.0,Wrath Incarnate,250527_2200,Spiritmaster
Velnioke,105318.0,940.0,Wrath Incarnate,250527_2200,Spiritmaster
Knuffi,98495.0,879.0,Wrath Incarnate,250527_2200,Gladiator
Dunkelelfe,95534.0,852.0,Wrath Incarnate,250527_2200,Chanter
Freecandy,4908.0,43.0,Wrath Incarnate,250527_2200,Chanter
Mika,3777.0,33.0,Wrath Incarnate,250527_2200,Assassin
Kemoss,3126.0,27.0,Wrath Incarnate,250527_2200,Chanter
Ewzy,596060.0,3465.0,Wrath Incarnate,250528_1800,Sorcerer
Monarch,553160.0,3216.0,Wrath Incarnate,250528_1800,Sorcerer
Fregion,449637.0,2614.0,Wrath Incarnate,250528_1800,Assassin
Cheesuz,400073.0,2326.0,Wrath Incarnate,250528_1800,Sorcerer
Cruellia,380722.0,2213.0,Wrath Incarnate,250528_1800,Assassin
Sasha,373973.0,2174.0,Wrath Incarnate,250528_1800,Gladiator
Rooody,346772.0,2016.0,Wrath Incarnate,250528_1800,Ranger
Purple,337762.0,1963.0,Wrath Incarnate,250528_1800,Spiritmaster
Daisy,262690.0,1527.0,Wrath Incarnate,250528_1800,Cleric
Obregon,243598.0,1416.0,Wrath Incarnate,250528_1800,Ranger
Qyo,243244.0,1414.0,Wrath Incarnate,250528_1800,Ranger
Helyona,180995.0,1052.0,Wrath Incarnate,250528_1800,Gladiator
Velnioke,172080.0,1000.0,Wrath Incarnate,250528_1800,Spiritmaster
Jabba,166645.0,968.0,Wrath Incarnate,250528_1800,Assassin
Misspurple,158644.0,922.0,Wrath Incarnate,250528_1800,Cleric
Maro,156700.0,911.0,Wrath Incarnate,250528_1800,Cleric
Quickscar,151616.0,881.0,Wrath Incarnate,250528_1800,Assassin
Erica,90263.0,524.0,Wrath Incarnate,250528_1800,Spiritmaster
Erdante,76696.0,445.0,Wrath Incarnate,250528_1800,Assassin
Dirty,70671.0,410.0,Wrath Incarnate,250528_1800,Cleric
Blackrevenge,35301.0,205.0,Wrath Incarnate,250528_1800,Assassin
Scofield,3758.0,21.0,Wrath Incarnate,250528_1800,Chanter
Ewzy,596060.0,3465.0,Wrath Incarnate,250528_2200,Sorcerer
Monarch,553160.0,3216.0,Wrath Incarnate,250528_2200,Sorcerer
Fregion,449637.0,2614.0,Wrath Incarnate,250528_2200,Assassin
Cheesuz,400073.0,2326.0,Wrath Incarnate,250528_2200,Sorcerer
Cruellia,380722.0,2213.0,Wrath Incarnate,250528_2200,Assassin
Sasha,373973.0,2174.0,Wrath Incarnate,250528_2200,Gladiator
Rooody,346772.0,2016.0,Wrath Incarnate,250528_2200,Ranger
Purple,337762.0,1963.0,Wrath Incarnate,250528_2200,Spiritmaster
Daisy,262690.0,1527.0,Wrath Incarnate,250528_2200,Cleric
Obregon,243598.0,1416.0,Wrath Incarnate,250528_2200,Ranger
Qyo,243244.0,1414.0,Wrath Incarnate,250528_2200,Ranger
Helyona,180995.0,1052.0,Wrath Incarnate,250528_2200,Gladiator
Velnioke,172080.0,1000.0,Wrath Incarnate,250528_2200,Spiritmaster
Jabba,166645.0,968.0,Wrath Incarnate,250528_2200,Assassin
Misspurple,158644.0,922.0,Wrath Incarnate,250528_2200,Cleric
Maro,156700.0,911.0,Wrath Incarnate,250528_2200,Cleric
Quickscar,151616.0,881.0,Wrath Incarnate,250528_2200,Assassin
Erica,90263.0,524.0,Wrath Incarnate,250528_2200,Spiritmaster
Erdante,76696.0,445.0,Wrath Incarnate,250528_2200,Assassin
Dirty,70671.0,410.0,Wrath Incarnate,250528_2200,Cleric
Blackrevenge,35301.0,205.0,Wrath Incarnate,250528_2200,Assassin
Scofield,3758.0,21.0,Wrath Incarnate,250528_2200,Chanter
Monarch,489757.0,3498.0,Wrath Incarnate,250530_1800,Sorcerer
Kougetsu,454932.0,3249.0,Wrath Incarnate,250530_1800,Cleric
Ewzy,386728.0,2762.0,Wrath Incarnate,250530_1800,Sorcerer
Arkann,381560.0,2725.0,Wrath Incarnate,250530_1800,Ranger
Ameko,354791.0,2534.0,Wrath Incarnate,250530_1800,Cleric
Nightwolf,339950.0,2428.0,Wrath Incarnate,250530_1800,Ranger
Tiamat,333176.0,2379.0,Wrath Incarnate,250530_1800,Sorcerer
Lako,329161.0,2351.0,Wrath Incarnate,250530_1800,Sorcerer
Cruellia,311789.0,2227.0,Wrath Incarnate,250530_1800,Assassin
Ziii,297443.0,2124.0,Wrath Incarnate,250530_1800,Cleric
Ankeanklesnare,215633.0,1540.0,Wrath Incarnate,250530_1800,Gladiator
Milo,193588.0,1382.0,Wrath Incarnate,250530_1800,Assassin
Persefona,189911.0,1356.0,Wrath Incarnate,250530_1800,Spiritmaster
Wintersun,188301.0,1345.0,Wrath Incarnate,250530_1800,Ranger
Helyona,166954.0,1192.0,Wrath Incarnate,250530_1800,Gladiator
Blackrevenge,164707.0,1176.0,Wrath Incarnate,250530_1800,Assassin
Erdante,158950.0,1135.0,Wrath Incarnate,250530_1800,Assassin
Judy,157947.0,1128.0,Wrath Incarnate,250530_1800,Gladiator
Norboo,154077.0,1100.0,Wrath Incarnate,250530_1800,Templar
Fay,113622.0,811.0,Wrath Incarnate,250530_1800,Cleric
Veldora,103973.0,742.0,Wrath Incarnate,250530_1800,Chanter
Tromegnam,92250.0,658.0,Wrath Incarnate,250530_1800,Chanter
Zamje,74708.0,533.0,Wrath Incarnate,250530_1800,Ranger
Lockdowxn,67493.0,482.0,Wrath Incarnate,250530_1800,Gladiator
Knuffi,61802.0,441.0,Wrath Incarnate,250530_1800,Gladiator
Scofield,1878.0,13.0,Wrath Incarnate,250530_1800,Chanter
Kemoss,911.0,6.0,Wrath Incarnate,250530_1800,Chanter
Monarch,371069.0,2108.0,Wrath Incarnate,250531_1800,Sorcerer
Cruellia,370809.0,2106.0,Wrath Incarnate,250531_1801,Assassin
Mazyle,359250.0,2041.0,Wrath Incarnate,250531_1802,Sorcerer
Ewzy,349706.0,1986.0,Wrath Incarnate,250531_1803,Sorcerer
Kougetsu,322588.0,1832.0,Wrath Incarnate,250531_1804,Cleric
Mareken,274884.0,1561.0,Wrath Incarnate,250531_1805,Spiritmaster
Fentanyl,272588.0,1548.0,Wrath Incarnate,250531_1806,Sorcerer
Nightwolf,243477.0,1383.0,Wrath Incarnate,250531_1807,Ranger
Ziii,237847.0,1351.0,Wrath Incarnate,250531_1808,Cleric
Purple,235241.0,1336.0,Wrath Incarnate,250531_1809,Spiritmaster
Maros,200684.0,1140.0,Wrath Incarnate,250531_1810,Ranger
Erdante,188909.0,1073.0,Wrath Incarnate,250531_1811,Assassin
Helyona,164529.0,934.0,Wrath Incarnate,250531_1812,Gladiator
Zamje,161200.0,915.0,Wrath Incarnate,250531_1813,Ranger
Yondaime,155937.0,886.0,Wrath Incarnate,250531_1814,Ranger
Judy,155779.0,885.0,Wrath Incarnate,250531_1815,Gladiator
Tryhardian,147391.0,837.0,Wrath Incarnate,250531_1816,Templar
Lockdowxn,135775.0,771.0,Wrath Incarnate,250531_1817,Gladiator
Milo,132292.0,751.0,Wrath Incarnate,250531_1818,Assassin
Sera,128046.0,727.0,Wrath Incarnate,250531_1819,Spiritmaster
Xyo,122662.0,696.0,Wrath Incarnate,250531_1820,Templar
Whysteria,120450.0,684.0,Wrath Incarnate,250531_1821,Cleric
Clyde,116755.0,663.0,Wrath Incarnate,250531_1822,Spiritmaster
Erica,107321.0,609.0,Wrath Incarnate,250531_1823,Spiritmaster
Misspurple,106095.0,602.0,Wrath Incarnate,250531_1824,Cleric
Fenix,103815.0,589.0,Wrath Incarnate,250531_1825,Ranger
Yukimih,84083.0,477.0,Wrath Incarnate,250531_1826,Chanter
Tanik,76452.0,434.0,Wrath Incarnate,250531_1827,Cleric
Veldora,55449.0,315.0,Wrath Incarnate,250531_1828,Chanter
Knuffi,37639.0,213.0,Wrath Incarnate,250531_1829,Gladiator
Ewzy,310558.0,3931.0,Wrath Incarnate,250601_2200,Sorcerer
Mika,273896.0,3467.0,Wrath Incarnate,250601_2200,Assassin
Ziii,255009.0,3227.0,Wrath Incarnate,250601_2200,Cleric
Caliton,249062.0,3152.0,Wrath Incarnate,250601_2200,Sorcerer
Hima,242773.0,3073.0,Wrath Incarnate,250601_2200,Sorcerer
Yondaime,239847.0,3036.0,Wrath Incarnate,250601_2200,Ranger
Tranzor,238979.0,3025.0,Wrath Incarnate,250601_2200,Ranger
Arkann,238332.0,3016.0,Wrath Incarnate,250601_2200,Ranger
Sharyin,221699.0,2806.0,Wrath Incarnate,250601_2200,Assassin
Cruellia,220165.0,2786.0,Wrath Incarnate,250601_2200,Assassin
Lako,218540.0,2766.0,Wrath Incarnate,250601_2200,Sorcerer
Xyng,205297.0,2598.0,Wrath Incarnate,250601_2200,Assassin
Kisa,201344.0,2548.0,Wrath Incarnate,250601_2200,Cleric
Mazyle,198268.0,2509.0,Wrath Incarnate,250601_2200,Sorcerer
Kougetsu,193360.0,2447.0,Wrath Incarnate,250601_2200,Cleric
Schattenlotus,180781.0,2288.0,Wrath Incarnate,250601_2200,Ranger
Ameko,177730.0,2249.0,Wrath Incarnate,250601_2200,Cleric
Purple,145177.0,1837.0,Wrath Incarnate,250601_2200,Spiritmaster
Ankeanklesnare,134816.0,1706.0,Wrath Incarnate,250601_2200,Gladiator
Whysteria,108618.0,1374.0,Wrath Incarnate,250601_2200,Cleric
Erdante,106312.0,1345.0,Wrath Incarnate,250601_2200,Assassin
Wintersun,104811.0,1326.0,Wrath Incarnate,250601_2200,Ranger
Rufin,100074.0,1266.0,Wrath Incarnate,250601_2200,Sorcerer
Sera,99414.0,1258.0,Wrath Incarnate,250601_2200,Spiritmaster
Tromegnam,90887.0,1150.0,Wrath Incarnate,250601_2200,Chanter
Norboo,83527.0,1057.0,Wrath Incarnate,250601_2200,Templar
Goodbyte,71387.0,903.0,Wrath Incarnate,250601_2200,Spiritmaster
Conqz,71230.0,901.0,Wrath Incarnate,250601_2200,Chanter
Yukimih,67987.0,860.0,Wrath Incarnate,250601_2200,Chanter
Cptnn,64760.0,819.0,Wrath Incarnate,250601_2200,Templar
Tayga,64644.0,818.0,Wrath Incarnate,250601_2200,Ranger
Tanik,63767.0,807.0,Wrath Incarnate,250601_2200,Cleric
Veldora,63260.0,800.0,Wrath Incarnate,250601_2200,Chanter
Misspurple,62423.0,790.0,Wrath Incarnate,250601_2200,Cleric
Phantom,60995.0,772.0,Wrath Incarnate,250601_2200,Templar
Rosie,58155.0,736.0,Wrath Incarnate,250601_2200,Cleric
Dunkelelfe,58109.0,735.0,Wrath Incarnate,250601_2200,Chanter
Marelotz,36406.0,460.0,Wrath Incarnate,250601_2200,Ranger
Dirty,24870.0,314.0,Wrath Incarnate,250601_2200,Cleric
Zamje,18678.0,236.0,Wrath Incarnate,250601_2200,Ranger
Blackrevenge,15513.0,196.0,Wrath Incarnate,250601_2200,Assassin
Svierxa,12589.0,159.0,Wrath Incarnate,250601_2200,Chanter
Fay,9680.0,122.0,Wrath Incarnate,250601_2200,Cleric
Bubblegumkitty,3799.0,48.0,Wrath Incarnate,250601_2200,Chanter
Scofield,1711.0,21.0,Wrath Incarnate,250601_2200,Chanter
Fregion,356644.0,3462.0,Wrath Incarnate,250603_1800,Assassin
Lockdowxn,316343.0,3071.0,Wrath Incarnate,250603_1800,Gladiator
Mnstr,297133.0,2884.0,Wrath Incarnate,250603_1800,Sorcerer
Mazyle,287693.0,2793.0,Wrath Incarnate,250603_1800,Sorcerer
Arkann,281802.0,2735.0,Wrath Incarnate,250603_1800,Ranger
Tranzor,275360.0,2673.0,Wrath Incarnate,250603_1800,Ranger
Ziii,267702.0,2599.0,Wrath Incarnate,250603_1800,Cleric
Lako,265281.0,2575.0,Wrath Incarnate,250603_1800,Sorcerer
Cruellia,229737.0,2230.0,Wrath Incarnate,250603_1800,Assassin
Kougetsu,215225.0,2089.0,Wrath Incarnate,250603_1800,Cleric
Mbe,212921.0,2067.0,Wrath Incarnate,250603_1800,Assassin
Purple,196419.0,1906.0,Wrath Incarnate,250603_1800,Spiritmaster
Phantom,196262.0,1905.0,Wrath Incarnate,250603_1800,Templar
Deatherx,189675.0,1841.0,Wrath Incarnate,250603_1800,Ranger
Qxas,189638.0,1841.0,Wrath Incarnate,250603_1800,Gladiator
Hima,189078.0,1835.0,Wrath Incarnate,250603_1800,Sorcerer
Cake,180992.0,1757.0,Wrath Incarnate,250603_1800,Spiritmaster
Monarch,174294.0,1692.0,Wrath Incarnate,250603_1800,Sorcerer
Erdante,173195.0,1681.0,Wrath Incarnate,250603_1800,Assassin
Marelotz,169128.0,1642.0,Wrath Incarnate,250603_1800,Ranger
Kemosss,154507.0,1500.0,Wrath Incarnate,250603_1800,Ranger
Whysteria,152556.0,1481.0,Wrath Incarnate,250603_1800,Cleric
Ducklord,135751.0,1317.0,Wrath Incarnate,250603_1800,Chanter
Judy,131703.0,1278.0,Wrath Incarnate,250603_1800,Gladiator
Yukimih,91847.0,891.0,Wrath Incarnate,250603_1800,Chanter
Cptnn,87436.0,848.0,Wrath Incarnate,250603_1800,Templar
Misspurple,86479.0,839.0,Wrath Incarnate,250603_1800,Cleric
Erica,79987.0,776.0,Wrath Incarnate,250603_1800,Spiritmaster
Kayomi,71604.0,695.0,Wrath Incarnate,250603_1800,Gladiator
Ameko,17197.0,166.0,Wrath Incarnate,250603_1800,Cleric
Blackrevenge,13948.0,135.0,Wrath Incarnate,250603_1800,Assassin
Ankeanklesnare,11187.0,108.0,Wrath Incarnate,250603_1800,Gladiator
Svierxa,503.0,4.0,Wrath Incarnate,250603_1800,Chanter
Monarch,414808.0,3372.0,Wrath Incarnate,250604_1800,Sorcerer
Mnstr,382817.0,3112.0,Wrath Incarnate,250604_1800,Sorcerer
Cruellia,324234.0,2636.0,Wrath Incarnate,250604_1800,Assassin
Tranzor,316504.0,2573.0,Wrath Incarnate,250604_1800,Ranger
Ziii,306554.0,2492.0,Wrath Incarnate,250604_1800,Cleric
Mazyle,294626.0,2395.0,Wrath Incarnate,250604_1800,Sorcerer
Nightwolf,293669.0,2387.0,Wrath Incarnate,250604_1800,Ranger
Prcinka,275595.0,2240.0,Wrath Incarnate,250604_1800,Sorcerer
Fentanyl,275235.0,2237.0,Wrath Incarnate,250604_1800,Sorcerer
Mbe,252391.0,2051.0,Wrath Incarnate,250604_1800,Assassin
Lockdowxn,246622.0,2005.0,Wrath Incarnate,250604_1800,Gladiator
Pimpim,242230.0,1969.0,Wrath Incarnate,250604_1800,Spiritmaster
Erdante,214251.0,1741.0,Wrath Incarnate,250604_1800,Assassin
Silentstrike,199057.0,1618.0,Wrath Incarnate,250604_1800,Assassin
Purple,191930.0,1560.0,Wrath Incarnate,250604_1800,Spiritmaster
Lacuna,186684.0,1517.0,Wrath Incarnate,250604_1800,Ranger
Kougetsu,185180.0,1505.0,Wrath Incarnate,250604_1800,Cleric
Xyo,149785.0,1217.0,Wrath Incarnate,250604_1800,Templar
Yukimih,98910.0,804.0,Wrath Incarnate,250604_1800,Chanter
Erica,88147.0,716.0,Wrath Incarnate,250604_1800,Spiritmaster
Persefona,83557.0,679.0,Wrath Incarnate,250604_1800,Spiritmaster
Misspurple,83395.0,678.0,Wrath Incarnate,250604_1800,Cleric
Whysteria,82664.0,672.0,Wrath Incarnate,250604_1800,Cleric
Cptnn,74249.0,603.0,Wrath Incarnate,250604_1800,Templar
Svierxa,72606.0,590.0,Wrath Incarnate,250604_1800,Chanter
Oktavya,71060.0,577.0,Wrath Incarnate,250604_1800,Cleric
Renne,39590.0,321.0,Wrath Incarnate,250604_1800,Cleric
Kayomi,34608.0,281.0,Wrath Incarnate,250604_1800,Gladiator
Blackrevenge,24145.0,196.0,Wrath Incarnate,250604_1800,Assassin
Maro,60.0,0.0,Wrath Incarnate,250604_1800,Cleric
Cleo,60.0,0.0,Wrath Incarnate,250604_1800,Cleric
Caliton,488986.0,4889.0,Wrath Incarnate,250605_1800,Sorcerer
Monarch,416532.0,4165.0,Wrath Incarnate,250605_1800,Sorcerer
Mazyle,341505.0,3415.0,Wrath Incarnate,250605_1800,Sorcerer
Zamje,337827.0,3378.0,Wrath Incarnate,250605_1800,Ranger
Ziii,294468.0,2944.0,Wrath Incarnate,250605_1800,Cleric
Mnstr,282984.0,2829.0,Wrath Incarnate,250605_1800,Sorcerer
Lako,257925.0,2579.0,Wrath Incarnate,250605_1800,Sorcerer
Tranzor,257255.0,2572.0,Wrath Incarnate,250605_1800,Ranger
Kougetsu,247724.0,2477.0,Wrath Incarnate,250605_1800,Cleric
Force,246348.0,2463.0,Wrath Incarnate,250605_1800,Assassin
Mbe,243762.0,2437.0,Wrath Incarnate,250605_1800,Assassin
Earthguardian,239673.0,2396.0,Wrath Incarnate,250605_1800,Cleric
Cruellia,226826.0,2268.0,Wrath Incarnate,250605_1800,Assassin
Fentanyl,207630.0,2076.0,Wrath Incarnate,250605_1800,Sorcerer
Helyona,190617.0,1906.0,Wrath Incarnate,250605_1800,Gladiator
Tryhardian,186147.0,1861.0,Wrath Incarnate,250605_1800,Templar
Purple,185008.0,1850.0,Wrath Incarnate,250605_1800,Spiritmaster
Xyo,155115.0,1551.0,Wrath Incarnate,250605_1800,Templar
Silentstrike,144965.0,1449.0,Wrath Incarnate,250605_1800,Assassin
Whysteria,135059.0,1350.0,Wrath Incarnate,250605_1800,Cleric
Marelotz,106362.0,1063.0,Wrath Incarnate,250605_1800,Ranger
Persefona,100126.0,1001.0,Wrath Incarnate,250605_1800,Spiritmaster
Erica,97080.0,970.0,Wrath Incarnate,250605_1800,Spiritmaster
Misspurple,82583.0,825.0,Wrath Incarnate,250605_1800,Cleric
Tasnoe,64075.0,640.0,Wrath Incarnate,250605_1800,Gladiator
Lacuna,52197.0,521.0,Wrath Incarnate,250605_1800,Ranger
Jira,48436.0,484.0,Wrath Incarnate,250605_1800,Chanter
Chinmae,44810.0,448.0,Wrath Incarnate,250605_1800,Assassin
Bubblegumkitty,3403.0,34.0,Wrath Incarnate,250605_1800,Chanter
Lioness,987.0,9.0,Wrath Incarnate,250605_1800,Spiritmaster
